INSERT INTO Patient (ID,lastName, firstName, birth, sex)
 VALUES
 (1000000,'Rébecca', 'Armand', '2022-07-16', 0),
 (1000001,'Aimée', 'Hebert', '2022-07-16', 1),
 (1000002,'Marielle', 'Ribeiro', '2022-07-16', 0),
 (1000003,'Hilaire', 'Savary', '2022-07-16', 1);


INSERT INTO Protocole (ID, technique, membre, type, injection)
VALUES
(1000000,0, 0, 0, 0),
(1000001,1, 1, 1, 1),
(1000002,2, 2, 0, 0),
(1000003,3, 3, 1, 1);


INSERT INTO Document (ID, typeDocument, patient_id, nameFile, myfileBase64)
VALUES
(1000000, 0, 1000000, 'Texte.txt', 'VGVzdCBkb2N1bWVudCB0ZXh0ZQo='),
(1000001, 0, 1000001, 'PetstoreToCloudPres_2022.pdf', 'JVBERi0xLjQKJfbk/N8KMSAwIG9iago8PAovVHlwZSAvQ2F0YWxvZwovVmVyc2lvbiAvMS40Ci9QYWdlcyAyIDAgUgo+PgplbmRvYmoKMiAwIG9iago8PAovVHlwZSAvUGFnZXMKL0tpZHMgWzMgMCBSXQovQ291bnQgMQo+PgplbmRvYmoKMyAwIG9iago8PAovVHlwZSAvUGFnZQovTWVkaWFCb3ggWzAuMCAwLjAgNTk1LjI3NTYzIDM3OS4xOTY5M10KL1BhcmVudCAyIDAgUgovQ29udGVudHMgNCAwIFIKL1Jlc291cmNlcyA1IDAgUgo+PgplbmRvYmoKNCAwIG9iago8PAovTGVuZ3RoIDUyCi9GaWx0ZXIgL0ZsYXRlRGVjb2RlCj4+CnN0cmVhbQ0KeJwzVDAAQkMwmZzLVchlammqZ2RuamYMFjI2t9QztDSzNIYp0PfMNVRwyecK5AIASIILlQ0KZW5kc3RyZWFtCmVuZG9iago1IDAgb2JqCjw8Ci9YT2JqZWN0IDw8Ci9JbTEgNiAwIFIKPj4KPj4KZW5kb2JqCjYgMCBvYmoKPDwKL0xlbmd0aCAxNDM2NwovVHlwZSAvWE9iamVjdAovU3VidHlwZSAvSW1hZ2UKL0ZpbHRlciAvRENURGVjb2RlCi9CaXRzUGVyQ29tcG9uZW50IDgKL1dpZHRoIDI4MQovSGVpZ2h0IDE3OQovQ29sb3JTcGFjZSAvRGV2aWNlUkdCCj4+CnN0cmVhbQ0K/9j/4AAQSkZJRgABAQAAAQABAAD/2wCEAAkGBxMTEhUTExMWFhUXGRgaGBgYGBsbGBodGB0fGBoaGx0aHSggGx4lIBgdIj4hJSkrLi4uGh80OTQsOCgtLisBCgoKDg0OGxAQGy0lICUtLS0tLS0tLS0tLS0tLS0tLS0tLS0tLS0tLS0tLS0tLS0tLS0tLS0tLS0tLS0tLS0tLf/AABEIALMBGQMBIgACEQEDEQH/xAAcAAABBQEBAQAAAAAAAAAAAAAFAAIDBAYBBwj/xABKEAABAgQDBQQHBwEGBAUFAQABAhEAAyExBBJBBSJRYXEGE4GRFDJCobHB8AcVI1JT0eFiM0NykqLxFzSCshY1Y4PSJCVUc+II/8QAGQEBAQEBAQEAAAAAAAAAAAAAAAECAwQF/8QAKhEBAQACAQQCAQMDBQAAAAAAAAECEQMSITFBUWETMoGRBKHwBRQzNHH/2gAMAwEAAhEDEQA/APYcdjslAHNL2D0v5WBuOMC149b1WdGZg71o4pStjfWG7QV+Is0uWNHLDnWhTpVuMRbLlpWVKUxZgAbPQPepqlg3DjHSRytcVtg/qHjp/SrQ8CLal7UKVthVfxDrRxz1a3OtvNdq+0EvAyROmS1LSZgQyMrkkKWDVg26RxqYyo+1nDUAwuIJcAACWSSbAJC6lwkCj3GtemPFnlN4xWtVto137fV2p1rryhv3wr9Tjz1HLrx0gzhZSlIBUjuyUndLFScwsogkPxYkUgX2k23LwSUqWjNnUQyGd2zFwSHDvXmI43KY+XTDiz5MphhN2mHa6q7+vg2rHTyhHbKv1NOFbtw6+7jFXYPauViZplJlLScpU68rUKQ1CSSS2mtuOmYdeQY/D4QxymU3GuXg5OLLpzmqBHbJ/Px15DnTxf30Stsm5XTycHW9KJNR/udMvlYcKc293viEzkCZ3ft5VLbKWCQWJKgnKHJLOxU2uUxduXSD/e6v1C45/wANxNtGhffKv1CbNVLeY5+73HsvK5ao6/Bvq8cCOT+D82fxIfpDZ0/YD98qH96eVBYnpdm8zwBhffCv1DrrXyv/AL+WgSjl7ru3H6pyjikcvC/h4nkbm0NnT9gX3yp/XPSnQDmXHHXRnhv3wr9Q9TSwvWn11AP93yDtw5vwr58YQljh8P2v7nAh1Q6fsAG2VfqG1LaX6UHhzMdG2j+cnyHmz/P9tAiWDp7vm1dK/wAwlSg7DK92seFPdDqOn7ADtVQ/vHre1CR42+uK++Vfnfg1+Xz8vAnpobeAH9TsAaUJJsP3jqkhgQKcw3xENnT9s/8AfJb+0Ovw1pyMd++D+ofOnOrfLSx1O5Bw6GnHoeDwu71y8OFrjTSnlDZ0/YENtH9T658A400e5tHM24oNvKVazPbS37OI0WTRuXBvfy98c7t3DeB4u9eVrcdIbXpZ2Vt1RUAe8A46cePgzPDl7cJqJlLaNbiDvPW0H0DgBS7V+PMHQfOFNlVSWqaFh8CaJHv4QliXGgw2wSKLLseFenCwvzpDPvhT+udOA8tSSM3lB2aGoAwHL6f640ZKSKksw1LNqL+/X1jDZoHmbVUD65Pl166N/F4vvhTf2hNLuz+4tf3dYGdpO30jAzzImSJi3SFugJCRmJZgogu4+cBf+K+G/wDxp3+jgRottXZr+DdceHks3IjXHbSvz9a9OGtbWjiNrq/Oo+PBiHd2eltDaMsr7UJACVKweICVOUkiWQoJOhJq1vfqYj/4r4XXCzieP4fJ9dWFLFos4OS+IWVrRthVu9rQePlqRxYAmppEidoTDULLsW14tTUFm0LMaG1Pst2kl46UuYiWqWErUhl5fWygggJPCYOe6b3Em2pSUZFhhncFNbVLkAUIoDrSM3HpurGNjuz9oZjkXfSjcaHygm8ZTAqLoLG6T/2kVBYuTw8meNVHLKN423yzO1GzrNKlvWA1c8x6rdSOJZdm1bq6mq2oeIpq/meEd2j66246Ueo+bij1FxHOzh3FkktnNXb2QeLANrzjbLNfa/LUrBSkpBUVYhDBKS5OSZYVfWgsPOPPOwye42lhVT0ZUd4Q6wQl1IUEEE0O8Ul7a849Y7fFYkylJStX46DMSgJGdKETCpClTDlShQGVRNGJDKdozOy+0Q7wTlTTgZFFiQrECcue/wCSWt1yUOCPwkusGgj2ced/FcZPluPXGjM/aDhlLwUwJSVFOVVP6VJzU13So+EHsNOK0hWVSHrlWAFDg4BLcWvxY0jC9p+3EpcqdIlCZmO4FsAkh2UQQp2Z9OEfL5LJLK9/9DxcmfNjeOb1Zb/PsE+zb/nP/ZX/ANyHj1I8/wBuHEs7g8KkdY8u+zT/AJz/ANpf/eiPVEC19LUHxjPB+h6v9c/7P7R5dsJa07QExR7uWrHY6X3veLPeKzLEvDrQdxIL5kmrlDBiQ5TsfNlnaGKClYczBiMSEviFekXsJJDZGzbz8aaxrJuPSmWtZQSkKKRVO+tK+7sosCVe0TzLNER2rLeYpCM2RBmZgAAsZErLEj8swfNnD+u8u/XrT5GmE7IbIxCsJ6QkhKVYWelkTZi1z1rcIK0qASgpykDKSTm8ILbB2xLxGI2aJM4TO7ws0zghebISiSkd4Ad1WZwyq0MatWPCUzyUECQHID1PdiaQkkZTdr8XZ4hRtaSFUGUrmBCvVBzMkkqrXKqYlJuQeQJhlydVtsNPP/s1xn46UiYlWfDz8yZc1SyFImghWIQS0tTHKlrgl9IISNry5mwkBE9C5suRhhMCZgK0ErQ+di6S4IrG1GOCX/DyuVAANUhaZQc0Z1TB4PEX3jLCggyykkhJLJy5isy0h9SSCoU9kgsqkXLlmV3r4NMxtg4RWNxSdpzAhKRL9GTNmmXL7sodcyUykhU3vMwJG8GS0Vtn7SVLRsqfipqkys2LT3s45cyFJV6OZqlMMypaQXN+pjaIxkqfuFIWO8UgBQSoeqpQVrukIIinsjCyZUiWmTKVknKdMpa1KSl0qWwExwhLJfKkZXtSsJyTXf8Azto0xmOxQVgu9K0GVM2nNKVTZplylyyqYA8wOUyy1w8bzYwl+jSlSjKysP7GYZkouS+VbZlgKdreEdVj0lEtpZImJQpAOViCZaAaOAxnc/VNw0d+80hKgJa2ATQXzLmd3lT7LhTn1uDUaMZZyz9yxnuzuDXM2ji5ploUmXiG7wzJgmIPcSzlTLy5Cne1IO8aUEBPs0WtM7DFZ7tM7DTMh71ahiVCY5zBW6iZLSl2DkpUS7AgbqXtNISVpGZBROW4ItJOU/4id1iTZ7ao4kpWEZLTky+N0d6VUTujLyFTUgVOvy9rNep/YYfB7Xm+mp2hknejTJ5w4mEp9H7g5ZMpQAXmBM9OfNlAZZraI9o4qdImbTxIWtUgzJmHnIcnuwZEsypyRplWspU2iwfZj0ibOSCoZXSlUuWzC6ykM3AZ0qilJ2oFKR+GfxclGek1KlhSiAdJRDMA7VasX8s+PWv2NMfMVIWvBI2hMCcKcFJVL7yYUSZk6ned4pwFKSgJKQo+0oisW9u4uUcHhsJgjOny58wh0TCqYZEleedkXNWC1BLBKgGWGJo57E4uTiZfdrlFaUqw6jLUQkb8z8InLdLpSprEFiLiLfpLqARLJpOoFBz3S8hSH0JZg4DXZon5J2vx/CsZIx8w4HDSpmdM7D4/CSJgUd9kzUFGdiQSqUpDkEgnNUx2RNlS9rVmS58ydPUlKkTlDESCJZKpUyU7LkJCSxsCXIMbOVikqRLUhBeaxQ4CXSkFQUyvVdKaAjNUOzKy1cTtKWgzSzql5BQAqUFqSk1BKlBJUHFqtWL+Sd+3lnuzfYOfLOIxOY4czBNxY/5hRxDd+Qy5JDJQ1lAn2eMbeZNejMNBrehA06nyiDDzU5yCkgqLBQyuSEiYQwtRV62u7PYXLYPQpPlwq1VE/wARnLKXLaXbxD7Xv/MP/Zl6vqvX64QE2JhJhVJEkLRPmzMsqYotKIbKoeqSS54Hzg59r/8A5hX9GXdnuvhbpGe2NOVml90SnEImZpa1rSJSQAVEMoNmJD8DH0+/4Z/f41r2uIhJ2BjJSFTkTQkSRNFU4hJGWWmZMDTZACMyZgYLyZi7PQkJjpITkUhExKFIBBX7RG6spIAdLj6pFzZnpIRLlIIRLWmfkzhIQtKwkTQ6gyn7lF7KSkhjWKOLmoOXu84SEii1ZmV7RTSgJq0XD9frfvXx9/58r67vV/sW/wCUn3/5hWn/AKUvhV9LG4jW9qd2TKDAfiAqDakKcv1fnGV+xAD0WeSzJnqNWp+HJY8Rb3RqO1RPdoJckzQ1P6VWT8z8I8H9R/y1h3Zc4ul7WbS+g9r9o1MZLZmlrh6hr2Jub2Ea2PPWozG0hvTKux+etOB04VhnZ9YSiYa0XoK2Sm+lDx0iXanrq60PCvWjdOHN6+xCAlTsPxKUFsoJCQqpNAfAHQxuOdWNvbGkYuX3OIQpSEqSpklSajMkHMkpdnNHf1eIirsLsrgsKvPJkjvHDLWTMUmjbpUSU2FmooQWlJrUAHdZiKFRDihcM1LFlGH6BzpoVDkWIqCXIub3FIvXlJrfYlqz6SKF6HpZs1CCxo5o5aAOK7H4KYoqMhib5CpCbn2UqYfxBlujlw9RW4B5Eqdi9z4V9qbRk4eWqdPmJQgPVX9VQAKkmth1YCOWWON8x6OLm5OK7wtn/l0rbI7N4bDTDMlS1JVlKXK1mhUKVJ1SPKDgV198eR7d+2mWklOEkFZqBMmkpFyXCUuov1HSMbP+1baaySJ4SDomXLYdMySffEkk8LycmfJerO2377vokYdAUVhACjdWUOWBAcs9iR0hGUkUyi1d0WLA+4Dlu8o+ccB9o21EKzjFKXWqVoQUqfQjKD5EXvHoXZr7XJc0JTiZPdqLAqQXS5oTlVVPG55xWHpPdI3jlDrAzEgOoANvEes1v4juVJJcDeoaJq7Au13AArwHCOomAjMLEA2u5fS7wjyvTqfr6MAwFJFQGWDcBjmIcNwNORcQ1CEAABKWDMBlAGU5khnoxY+RF4eQatxOpF7AkXtxJ5R1y9NH95e9WtY+6AGL2phSjvCAUSwlT90TkyglFMrhQcgC4LihpE3eYdUsjKgywV7uROV5ZZZYpa+tqvasAp21EplTVdxJ75C15Rk3VSkuEzjrl7mUaEjfRlBDiL83aUpGLRg2lBBSEsGChMYzUpCQaJyIJdqEy2d2AEZ2Mw6hlmKQUs5Cg4aiqulrpB6+EOw+Iw61sgo7xmG7XKki1Hyg20cOLRn9mz1TlzJKUYYFJmXlKAQJeIMgFiv8TOmTMO6oZCgA3EWdh4pc1GHWpEhPpEkzNxBGUFEtaUq3t4BS1A2cAWrBB7EygmoAyl3oAN4uX4gnQXJreIZsoG6QahSXSHBAYFIIoRbMa6cID9n+0K5vcJWlCFrlhUxAcsFoC5a5dvwiAoV1BF0l9D3DjdIKTXl1e6vExWa5PSAlwBvKCjXWjWuaADoIr+jy0oSlKEO4WAJaQxsFAWSeBNYmUXSAaFNxRwD7kj3sOMOloCjvOU2ANi3WqrXtA8lJkjKKJchIDAGiS6a6sS44ZodIAcGgoTz3mJ5VNT4dYeC7Ol35Cg+vGvl1Iua608B+2vGI2qTpaZicuRBRRgpIKSwLMnX1eVGY8X9wPJy9OJJNmS5SDTUPeGidRq2YvRr+soUBrYWhZjX/AOPX1R4mp8oumNwpeFShRUhKUqIyuEAOE0AoxLBIFS3CLKSDycsQ/wBV6RAJ3HxPnQnWpsLeTvK2DkkDNqw+gL14HlDS7Z3anYjB4ub3uIlqUoAIcLWgMklmSkh6k1N+kDZn2ZbOBYyV8f7aZQbrtUvdV+DRtcUp6MWHgP56COSVE0OgcUY0NKCwpa9I6Tl5JO2V/lPpjP8Ahps4oH4UyhZhOmkBw5YFVK6kDR4Yfs02dful8P7aYw6l6+EbaTJKdRUMBW96h6xCEl2q9tHHyQGPUiLObk+b/IpbB2BJwUlUvDpUkLVnVUqLkAPvmgZIFfjFLtQ3dIOnei1nyq1NVfXjolzABlI0atXPAPVUAO1Uo90gmp7wD+qqVXNgOnWOe7bulR7MJdIq9KCpZ7gMyR8RxjWxmtmgjKEpTWpJdntUa18o0sSrGX2soBSs1HUw/wC7RzpqRUNS8N7PjdXzmF2BNMqTYODU6gs8RdopbqNnzhmJB11AJPqjd6huM2w0uiYC1VEMRoyTbUbuvC8ac6JIdgauACwfKC5Nqsd2/AniBEwBqwGo66eIN+bGEkF7El3q9GJNSTxOlKcKDx77XPtCUhSsBhV5WAE+YknMS1ZaVO/VRrUB7xLWsYP9u/tSlYUqk4Upmz3IUp8yJfEUbMrRnYN1EeO7U2tMxa+8xE6ctX9TMOSUgMB0aM2mYdKdIvYNUwWcvp9CMOi2rBpuFZhqGAUPI1iaVhQQ4NNePjHAlSiBkUPJvl74sI2dNzCjPdjGLnqtdKCXhQKv+x5NE0kh3GtesE5fZ1RoAp+IB6gc4fK2GuSoZ6Crv9a0h1zejputtX2D+0BeGyYfEVw7slT78p+eqQatcaUpHs6JgUkHQ14jwbnryj5cxNM1uNWg72D+0OZgZqZUwleHUWKSfUf2k8ANRqH1je9MvoYpHm45fD3xxtfHlUgHW14CDbqlkMlFeLmh5giLE7ahQ1A9LP11POOP+4wZ6osK2PIKSkygQZa5RcOTLXVSM35SdH0h6tnyiFJKXClpmGpqtLKSoF3DFI1FR1gXs/tbh5jOSgqs5cEVUGIFeDcWFzBT7zlON81rZVOJtRqhzYhQoQRHXHKZTcWXZJwElCkqEsBjNKVB3BnHPNAYuc6t4gUcA3AMOkbNlIEsIAAkgpQHLISzZL+qzU0ZPCOeny8mcHMhQJcWLnLUmzk8hTgDEIxuHLBM1Nzus7MWLAauHq9ATZ412O6ZGz5KBKdCPwklEq5KUlgUglyQyUuP6RwiZKkglphp6xYacSzDoIqTMZJSohUxi7UCsxqwcs7Pw+BifCYqQtu7UFszAVAfUaNevhwEXsndLRVM1XcOlmbgPnxhGblQeIu5pXibeA5ARItKaumlyQ9W468KaxFOlAEZSX4cuWiRCF7JAp1jo9XfqE6XuekPQsHMm7XpR9R/EQTF1CksxArcE+FVGloklkDdJJUQ5fTTSifq7QNq2Uhr8mFW5JsnqecSiZSvzI18VXtCzAJHBuZFX8VX8bxG1z58RxBNkimnWL5Tx4dJJP09fcke8iHmks/4qtctcObkgM8KWvSnL+Bc3F+MPqUlq73EnwLW98SkcxGhDM1CG+JoBaOYU1ajHwtqNVaVjpAZl8TlFzwf+dIa2Uuku9HPG28euggeyU4WSfdw5k2HIdYS5rqBqODg+LJFT1NB4xJ3KnFQTck/Iaa1+hLMmAXpS/y6wVXExKXI3laqPzOnQQE7WTHlIox7xJfUslVhceMHpskFspAI9w5Cw6tGf7VpKZaAf1E8/ZVcmqj5RYhmzFndrRwLsOTm/gI1sZPZiju+FWBI6vRPxIJFKPrIlWMf2iSMzEAustTW9g2j6kFqgaWtgKORQb2y4IoWyqbTR/dfXm10Zlm4ZT+R/wD69/Aw/s2khK2DMuvknl/S3lGmVP7Qe0HoOBmzqZ/Vl1claqDyrwo8fK8xRUSpRJUSSSbkmpJj2D//AEJjiZmGw77qUqmKYNU7o52BjyJCHIA1+cYrcWdkbMXPWEIDkx6t2a+zUgBU0vrl+vCC32e7EkypKd0ZyHKiKktx843UkflUW84iszN7PSRNloKN1k0YaqI0+qxclbLkSJo/DBQoUOWof9n8jGgTJcpUUhShqCzW49SYlnJzhlS31qRz4fVY814ct3KXvvcd5yzUl8a7s7tCSe+T3aA+UM9tbwM2n2eXNJKwB/hbn/EaKfgV96lQYJAanjZ+oh89KauXNWcvx05Vi8WF6rbvz+ycmU6ZJ8PDu1uzDKUQkOBfhGIxCWMe34uWhYOZL9Rxjy3tfg0Imbga8OPl6q80y29K+xrbapkiZKmHMcOE5Cb5FOwP+EpZ+YjXzFhRc8tPrhHi/wBkuNUjG5HYTEKSfAZx/wBse3SVBNVBzoOmpjz82FmXbwxl50BbPxZJl50ApEyUorKQ3dLmBEsVo7ryn/8AWs0cQdmbfQQvJJlq3ilwZcvMChTJUV+qpxlZWU3cBiIdMxqzagjS7PxGeWgn8t+Yop6MI7f02cu8Y1jZ4Z7B4tSCJXdoWhczEAboCUpkz5hKVBIAQAlSWUQSS73Bi/saemcmXM7hJz53WgSylGXdqc284pmTnF6tBOfhkk5yHUkZQakZSxIYUqQKasngIeFug8QGNQD1JFB+0ezy14Yz76SN9ZGfus0yXkkkSFZkIyqqlctisB1kghySkJMRTNtHuVmWhMp8Ope6qXRQlqWFZTvTQCAlw4cH8pJ14Pl0N+Q9rqeUdLl6nnWvN1WA5B+PXWmNgsrtDMQtMtQCgudMTmWtCGHfBCUCoqEKcAOSAOJIIbVxBGHKpK0KBUlCFFlIClTBLDipXvFjUcmMEJcjMAyvBmAHIceZeJSrKyUIsOiQPh4CM36bnjuy8rtAQtcxTS0CWyULS6wtMxKJpWXACUqmJRcJGVSiWIIWH7QTZmWYyEpIwpO9vDv5olqDM2VNd4u7kBmc6Yzt5JqHoxd+Ry6a1PCFhk0UaV8TTifa+VoAHsLaqsRnKkhORn30lQ9Z0TMpJSpOUUYF1WAEHGYMObf6rD5mIchYNwGlrigNEhuPSOIUMp5vxY0Ot1/XCLe6TsdNFSQ1SXrzN1X0sOkPCyE+05NN0PpYaeMRoBJ1+f7J+MPKNwijBVaGwtT2jbrAIOoZeFi5bgxN1Ur8Y7LluSD7NA1w+oGg+tIjlli/Aa6UsdEh+FT5tKhCQElTO7gB2c6tcnn8IhHVZZYZLAk6uSfmo8orpLmpc62JqPJA5XN4sTJIBKiWGp18zYasNYrDT3UppYa/4lcYQrqCRY682fWl1nn4wN7Xq/BlqIA/FAejgMrUdLQROvxdvNXj6o+EC+04PcpDf3qWsPZVYaeMVDNlzEukZaghk0NSRYC9GL1AbrGrjMbIIDC540ZzxpW/we4jTxK1Gb2kd5fDe9xr41b3nSF2eByr/wAZNnqEp+L2bSFtL119ae924VAqQbmG9nwMi3A9c06JBatNGrGmXk/2/bNKZ0meCClQMsm9U1HjRXlzjy7DUIPN/KPoz7ZNmidsuaUocyimaC2gO/8A6SY+b0GrRzbj6P7NTGkSyxYpB46QYlTpSjRQfkWIv/8AI+cZvsmvPgpJLEFABfgmnyiPbuLkZd5GUpspFCmj+tRnaxgrbIdqL8w/HXxHlD1KVxH8fXwjzDZ20ZqFjLPUpJJosgu1DvA1Zx7o22ExQWlwslq3GrX8veYAjPCGOdTitCWDVNuj+UQrnpDsPGwe1z9UjPbY2yJaSmX67ULZrUdz/hjzzHbWmmZ/9ROWUmoSVZU+Q0iW6S3TdY4oUpQSQFA2zDXp190eY/aHJyqSSLv7o1EjaaVgBIRqzCrfNozf2hIJSgtx+vrnHlwk6+zHsJ+zo/8A3HDsPb8CMpf3Vj3pLO6ga3sK6t4n4x4v9l+BCcfIWrgpRdmAKVN1/mPZ5Skg5S+WvCjaj601i803daZz8qKMWpT/AIS3yuBkUApTndzE7ulVDmWEaTYE8qllCkGi2DoULkkL3r0A0FWGsZfZmEKAsK3VGZMbjlC1ZSd9QNNadKRpOz/euSCCBRuRsSfDQcesY4d48mtGN7+FnCbSmuEqlLAJO8QQmxLkqFBQAMxJIoHaLoGgpybxon5qt4xMJq2FD/lqdbPujqf5jUniCni1UuWIfVXhSse+N0EVtKdlcYdbsXuz5QpAzM6sx3WQDlVQ0iX7wnJVSQVEKAYBQdOZitLjKkM7BRe1hWB33RMyLASMysQopBCnCTMWUqU0xijKsUGU5aXEOweFxKVSVd0vLJSiWtKpjrmBYyzSovlmtuLzkg/hrYb1dWpIK4fa6lJUfR1pBQVA5VHMQBuFg6TmzpY6BJF2EqNpTO8KVJolKlbqCymUoJDvQlKHZi+ceN/KUl0+XwAc2HIR3vkmiks7XFzy1LXdtOUZa2FYrbCgSjuVrDjIsBRQqlSWFWIUG1DHWHJ2yrLSRNcU9U0d94sKAN8eTle9TU5k0oT8nfkYhKwCMtiDusR5Jark3NvEwNq+BxWeUklOXRi5BIcFqZlVLVbjHcbPVLQ6UkqdL7pUWUoJJITVgCSwrTrFuUg3N/B/E6XsIrbakGZImpS+bIrLlUU7zHKxBBd4Wmg0bRnhJ/AKWBKUlJUVMglksQSc6Smt8yCLxLO2jNAZMtSnAJZExwTmf/CRlTuO+9fj2VhZnpSl5SEGUEqJo6wRlyhKnUGzOVAMyQLrgdJkT0LmFcqYoviSpSVJabLUp5MtIzM4TlSCpspSq2aryeBCfi5wZKJJU6UlLggZquCkjdAOXeJOvAPFO2jNqoylJDEgZFZiApgCaVI9kWqXI3YcdmZcJkStRWA+6tQzTCSpTEl1JdRASSQAANA1bE7ImqxM5pxQhctbTEg94lUxISgBWcjKjKV+qmpSxJzmCC+IxKt4oRmSAkJ3FEG5tozXtvJ4RTO1lzHPcTAkOzhQBqE6Jc3sl/GogPK2bP7velFctRnEykFggqSlMps0ynqrUWUQlc4kO2YamTJWJSEqVmUEgKVQZi1SKal9NYKEL2jOH9wsnKVWO7QkJLAhBbKKOXzClCYttTCrDy1qSU/iBx0Cw7mqrO9KHjBrIbeLac6O6jzP8wK7UzPwZYq/eh3P9KrkUB5CKkM2WHIJNfNV7cE8Hu0auMlsz2edqOONAL9TYl41sSrGf2hLJWoAXLNoXepHXlwroG7ARlStxUqJDNbKnW3Dk/nHdoTCFLrYksz2ZrvprS/jC2FMUUrdyQvV9AD7N6jyJ6RWRWZLKklJCWUFAuHoQ1rHS+kfNu3fs9n4WfMSofhJO4oe0gk5SPCh5x9KJQdSWpytZjw5c4Edotny5ssWLca03Tc8gPjGa3GZ7KbNKcJJTmI3X4ipdvriYBbR7Jk973iitSiO7UfVRvBVEu1avW3WNVg5ksBIoGA5WZvj74KSpQIop+RYjXxv8NIisFsHsmE5jMWpUxS0lwgJSOWVO7Wgo1hG3wUiUgEJD7rsBehPjQ2i2VKSDujWx6tfWw8YbhZqjm3T5j65wGfxmye+UtgQaBzoAasPD3g1jMdquyUvMFhS0IJSVS0jdUQ4zEk3bUvVzWNwhagsuQmulbtx5v4RNi8PLWClZfNSpryoOsS712R5xI2ZKM8zgnI+gV0rb384rdrsKZksC4SbHn9DyjaYyZIkIcAKUbEiuh8NOcZXGEzizk5iLVJ6DyjyZdUve93O7Fvs8wAcz1IqlIQGswraD61JJJ1fhXT+PKJ8NhRhpIlpZyHVpUtT4wU7PYe6ymthalnPvbwPGOOryZ6iWbumXn4uYuWFidLaWhQmMqWQlQAAUo+yHSr9uBPAz5yUBKcQiWuZmKEqVLcnMoJZKg59lNLlJrSpGZsFSkKSWBmTD3hdx3QmLmhCUrQU72dlAhiFLD2iA7DnZJKc6FdyAElRP4glzULlCYyaFkOVCykgsoOmPZhw9OXU6dPfaTETZ57sjFSQF7lVIH4gK0KKAxzqCigZXZ0gMKhU5w+LYnvWdNWykA5npmA9mjU4u7vDM2XNQZakZARNnKK85/s5k4TinLkyqzDdL1BCSkwZUFGpfRqVrQMk26m1Y9ChIl4tzlXLD5iBQJZSkkew5KQFbzMc5pQGLmHRPdWZRykEIzZDlJIYnKA5FaM3M3iyxIK6X8GFKnVuApFoHr8/4hSBc5OKC3SpJBKt0gOA5ZrVbib8qhyU4ghAPdiv4hTZgXYEku9uhNiA5L65eJ1hfX+wjKguHw+JzIKzKYEOAm4pUDQ3trrpBlKWt/PidI79c/E6RSxUsBm59Pfe1f4izunhPOBZwfAD4cT9dGySpVc3ufy+vfCmywEktXm9f45+MNw0oEFxVzr8SPl1i+j2myK/N7h7z9fOGSyXZTENwp/P1wMMSohWV3H1UfXzayRUHX3/AMQHO7D2r7/D8scEsMzBuGnGp1MP+uXidYX1/sIypfX+whfXPxOkL65+J0hfD3fzARYhVNPNh56wG7U4dpSBc94ngAN1VhBdSXJ/pHj4CwH1SAPaf+yQ2sxNqiyuNVHnaNyM2pdl4dinMQzimp5k3JeNNGX2XP8AVBqXF2cOdWZrjq3WNREpGd2gp1LrRzYWIejjWnWptDezyXRMr7ZctX1RrfWgh+0icyqnh73YeH71hvZ4DKt3os+8J/YfVI0yMDKDWp8+Khys8PmKcEZCQx4DQ0r0bxjktXBPkwEPOZtBfjz/AI98YrcYvaLIWQlCsoJuKn+aw7D4hB1Yl7UNf9j74Fo28cTi8XLTlKJJQlLUDHO7c3BETJGih8xw+cRRuZMUoFi97jrw8PKBkntCAVhinLSqTXgQbHpF/B5G3VaaHjrXr8Ip7SwkhbhU1IL2JHHWAFp24mZNKCFlQIY5WSenG5gynGpSBlFOQ5A/BoHYb0VBZK0Ehq3tS9vKH4/Eghgzs9/2+qwEG1MR3lCnoXDj6+UXezWygUKWEAqBIBVQgNvNp4wCZT1aNz2RJElTpcZ9Og08vOMZYTJNK33TOUXYC/tA69TBTZWDmywylIKXdgC9Rx6wRVlPI+X16vuhZOZ+m/b3xjDgxxu0mMjHycLhlIUgmYEPMkrC0peX3SFJIBd0oKUKO64IAFAGiRa5SEhUxE95aJs4BSEFc1JXLmTCkJJYlWV0HKSJjAcCXomFcTO8SogLU5WGUmcSreahT+KcpP5yx3iTxOAkAAmepWUAIWqYg5EJVLWACRUEiW5VmJ3XJju0q4fA4dU5MtK1rV3WYKABSEFCZQSFWzKQxJYmoO7mANadhZef8RM7KiZkdkqSpQQMgUUK7xbggCgqWL0EEsFh8LJWFomoBSJgrMBAE/Iti59UBEtKWZkgAUEdXhpQUVmeSVKEzIVy0pzHLLCqJBoCkMSQ5SWzMYJVXHYlEwHOiejJNQhQ3HBxCUJClVYJSmdku/rUNzX7xIlTVBeJKZa1JGVScy1BWTu0p7xytwKKyl1DiRFmZJw5UZhnBKSqWtSc6RLUpDZFN6zgyx7QBKHINREv3ZJmLJmrzZlocKUghRQFGXLUwCVN3hUBVVElyAG1YzKjXLGVMuUvETN0LzS1JoibuobOtIIZBYByGPEPZ2SpJnTEhU4mWSlQWtKgS4LsFlSafmAo3CIZ3ZyVkMklQlqR3RSMmVUpyUy8pScqEZyAQykg3tBOVhUylLX3hCVOSklIlpNCSKAmidSQK2jLS78Pd/MVsbp9e7TrpE4U9QX4G/kIqYqYCzMfrjr8LiE8lSzSrKaAUrWviWp5wySpQTQAhz9N8tLc4lXMBSWOmn7G8RS5yUIzGgcCgJJchIZruSBF9J7KWCSVBio+Y+q3rpEkt85drcaeP18Ioz9oSk7wWCNcoKh6oXdI1SQeYqLVnVtOSGKlBJZw4ILFywDX3SW4JJ0gq99f7CF9c/E6RUVj5Yuogs7MrO3EhnApdtDwh8nGIWSlKgSOrUZ2PtXFuI4xlVj4e7+YYtRsASfJufL4xArGp0IsDmNEgEOK2FKtesPRPQAVGYkt61aDw8r8uUVEiEj1coZn6m9ONdenhnO1I/DRf+0AJ19VVzYf4R1g1gcQlSlZVAnUJILOxqXrews/SA/aqe8qWCn+8DENcJU+vP3xqMWubN9gHUggFOriwHVq28I1cZbZuIG6CFAPq+jKLtpvD6EaiJVxoDtD11VN+LX6J5avpEWwPVXR98tfgnh4W5eL8ed9Rd2JoTSnAU4v4c4h2H6q3f1y7sfZSNAS7Fv+rqQnlL4HEkmzXv51oPG9jDMbMSmWtcxW4hJUrTdSMxfwHkTCc6mz+duHPhZtL5z7ScSEbMxRBDql5Lk+uyCH6EwrUrxjsbt7JjnWcoxKlA6spRzI/wBRy/8AVHrGcjR6afXQR4DsqY+Lwo/9eT/3pj32enKXBp/MZaR4rZ0tbrKpgVSgUQC1qChgSvZ+EZlTFpNPaDaAXHSNBhpnJ+h6cfHyiZez5S6qQ/Ut9X90BjpmDkEgSzMVa6mHu+HKCGD2YiSgkABSmc3PmatBdeAQmqUpSPMwKxSwDVTtxP1w+MBxKCVUcksAB4fXjHoexsEqTJQgkE3V1Jc24Ckef7DmJM+VwC0e5QEelgBqEj+R/LwCK+Kfnp/vHN1358DzjpUeR+vjDQr60vxBMUY3Z235BnegIkTE4jvT3iH/ALJEoIUMRmtkV+GRTeKjS8WpW0MP6d6CgTDMEszCt9xCkKlqyuQXmH8NRBdnT+YxWwvZbEIxacf6QDiFzFCek5u5OGIZEpIZwUZQoKYOoqe8P2Z2MMjGS8QjFTlISMQVS1mWVFWIWlZqmWCUukk5i7oSxYEEBmx+0iJowavRZ8qTiFd3Imd9LOVSgt3SCVjOEKdTFmcZSYsemKmYkYU4GbmQELUvvpW7KWru0qABsDKzZDUFIJBLRDsH7PRhPQpsoyRiJAWieoI3ZyFkpNWJTMFGVc7wNKRqE7IV6bNxJUAlciVJAq4UiZMW50KfxAGerGCVk5XaGVnf0WYJfpBwveCZKG93hkgmWkhSkvoE0c3cxNtntMmUvE5sLNVIwy0pnzUrlgATEy1giUogsNy1aNxiH/h9OEwqHoqSrFKn+kIlKGKCTNM3IFuAKbr2YkMYJSux0n0rEYjESpcxUyahcvMCrJlQlDBJ9dTpd+ca8s+EONxSDPnYaVglThJ7oKUZ0tKPxU50sFEFRY+4ARTx3aPC4NE1apEw93iDhlJcFRGT0gzANJeQPqbg8ToD2RknGYnGT0SphWZCpRUgFcvukZTvKByuQC44DhFKd2KTOx0zETFp7mbIWgyWL96pPcqm1v8AhDK+t4npfa7s7bWGlJxRGZMrDLCFKzZu8X3aFEJ9pR30pAqVFmgp2e2qnF4aViUpKEzUhQSpqPRqXMZvZfYkDBy5M/FL76XOVPmTpWQZpjqKX71ChugpIDUKUkMwgx2Q2DMweDlYdU4zFISRmYMB+VAYU/xOeZiaXYxPcuAm+pb96QN2sFpw00gB0pMwEuzo3w+RSVO6dFCviIIhamsOj9bnWxtDVTXoUu4IbjpQWbRzFTYZgcHLMybKMuXlySyMqVJLTBNSx3jmYPvUorkIG4TEBSBMX3aAqQlY3Vky0lSk92tIm76yJikghjmC6aDTDiAHPtA6CwdnOtBEK8BLIUFolhKlOt0p3jcFQIYm1S5iaXYVPkZMMhakS0T8iXQpKpic5H9mlPeAq31UGYgOeLxAieROVkly078mXMDKzLM1IdSVZw6UvQZTSXMqHoeXgJGQIMlCpYAIBSFJDUDAvVidNYcmTKzJOQAoGUbqRlTwcWTytDSMuicqYoylZJc4T1grUkgDupQWjdROYOgioW+XM4CgWK7MwspclEwysgnSpZKK7uYZspYuoutQPF2OkEVbMlqlhGWWUAgoRkHdhi4OWx6+MSFWYVopPR2o7lmT4cIoq7O2fKlrKkoAISxqSWu3BI958ID9qB+GkH9QOHAbdJPPUXZqRoshyEA1LmlKatqTzN4Bdp0ESkKUad6GBJHsq4mnC0alYs2dsqSN3NmDl7EpA0B5D58I1MZnZJZlnOOFykXDt8z7hGmjNaxZ3aT5l3LHj4g14ONeBsaV9gtlW2UfiPUtQJo3HjUEUeptY2mBmXTU+NGbnUpNTwitsY7q3Lb6q5iPZTwBD6Wdieb3G+mcheWbBiXJuS+hoHd3SfGtAYyP2uTT92Tr+wTTTOgB60FR741JmBLPSqqXZnCQAFaak6kWA3RO1lIxEsylywqWbiYLsXDgMDUO1Xc1vCmNeDdhOzU/E4mVPCSmRKmJWVmysigcqfzEkM9hXWh9qWgG0T5QGSAwGgFBoAAPVYAaMxht/wDb58X0jOnTYac6LF+UVcRtdaQx+EFJsoGx+tPKBOMw7mIKq9qlVCT8BEcyY8d9GANomEt9IKn2VMyLSpvVIPkY9DwWPlzk5k31HtB9OGnT3iPPZaWP1TWLeHWQXBILGoNbV+dP9oo9AetCerjVvqvE9IY7saMWPXUtXgLaRnpG3VgMtOY0qk5Sa1NmJ4Mb+Jg5InpWygaHKTxq7A1di4Ltb3Bbr8tWe8NdxyL8uIP1xaE/ypw91a/Ewvr4eOnjAUdsTimXch1y0kpJBAWsJLZah3ZxUOTpTvoMlCkslCClyGCUuAClZVxTvP1Z4oYrFd/KcqEvDzE3NZk1KxZCbJcHUFZqMqS0Qy9lNIQZpyr7qSZoopapqSFEEqO9mUAC5IOVIdhAGcLj5SlZUzAFWyndU6nIGVTF2QSKaK5xSmbaQRkQoLVmZzmCUpoozCpvVZQYjddSQ4BcCMF2eVNBnzJq8y94C4QlQVuuQ6lfirBZgRQZWSxSRsRgsJxC3UggkgZw5WQUswQN+rAE5U1DNF8M+VhG0JAR3mcLZIUkJFAlXqFKf6modXHGHelIzAZxmWHHrFJBf22Y0B3Q1iLRQm9mUnOEqJTMzE5gkpchKQVAMVEZQRb1EM2QPJgdliStRJzKdRcjeAVarkIQAkAJDBg7OHixmiGWzHo1xT2RZDcVV+MWsMkhNSCCKAFx5m/8xUXbRvME/wDcs2r84vIcpBNKG7fKkKuKqVUArYcARfSyaHr4xyYkJSpRFgSwBU7A6DemHdtrDQKUFLilLaC56nrHZxUEqIBUQCWCgCWehUSwsaDjzMKkD9lbdlTlzEI70KlZe8EyVMllIU+UnvEgJoHo5YgxLsXb8jE0lKWHAmJKpcyUFoUWStBmJGdJLVHFPEOF2DgJyJmIXLkzZEuYM4lz5iVk4hSlKXMSlMyZkSXSCc9xYXNbsNsidKmP3EyUnuUommauUvNNSpx3IlqUESgFzTkZCA6MqQcxiVqNdhsYFqmIlV7pWRVC2bKFesaFgoWdi40Iils7bEudM7pIUlbFY7yTMlBSQoBSpYWkZwCpNdMwNlCBXZLY+Ow05UudNlqkd0ghSUlJXOVMmLmrbvVMs5nUcrF0szF12XXOVMM/FSJwnlKgJkxUkyJaVKB7mQJU1R0DqIdZRUhkpAGNnbYw8ybNkyZhWuTl73KkkVKgBny5SxQsEJNCFC4IiBO3pK8QJA74TSFkBciagZUFipJWgJIdQGcliSGvCwOBmpxk+Z6kpcjDpSpkhzLXiFKAS7pbvElyPa8h0nDLXtDvkSZ0nMFJxC5sxCpU1CEKTKSiWmapiFELByo3cz1XBGolqGYq0AqfCxOvQWaAnasHukKV+oGf/Cohhp1NYMBTKyu1W0sK9EhvEjnALtlM3QD+oluDZVfF38DFk3Ut1HMEt8m6UgENY2IIIc3oLPY0Ma2MPgFElNGBIsacW5j43LB328azmtM43e2f2kN5fUuSToBp/wBTNagNIr7DS/eJcpUlTlubJfrR2tXV4J7Rwu8VgaEvzLC7EjwvALE4RaVBUslKtG4GrdGIoeAjPVF0OJwgFiWcHkS1HYB3pTVuN4xs1L+sbnQeINOOo01qBAJeNxYchf8ApT0a3D6rDPvHF/qAf9CdPrSKuh47HQWJUq1XIJfWrMGpal479yJ1Urjy8BAH07G/nB4bqTqTRxTj5cI6No4z9RP+ROteGr++Io6rYSD7avdpVrRAvsrKJ9df+n9ucDBtLG6L/wBCRz4QvvHGfqD/ACJ0rwjLS/8A+EJX6kz/AE/tHf8AwnK/UX/p/brFA4/GfqDh6ieh0jh2hjP1B/kT+0Ta6EP/AAvL0WvX8r0A5fXKHo7Nyx/eL93CtrwL+8cZ+oNfZR+0I7Rxv6g4+ojx0igunYKNFq8G6Bmv4/OLcjAhGViaWsxFxfi2h4PGbG0MZ+cGzbifDTn74d6djB7Yv+RLv1bl7oDXajg448decIadOGjc6eUZH07GfqD/ACJ5tYWZ44NoYy+ceCEn5V1gNbIkpCswSMxFVBLE1NyBX6vFXG7N7wJCiAnM60AFQWCCCkmlXPrHhZ2Izf3hjP1E6+wm9RwpR69YXp+MvnH+VOnhyio2XeH6Danrp9VhoZIYBuPEtd/DWMcNo4sf3iegQnSlN2O/eGM/OP8AKkWbl001ERWvf6p0Hx4G3SH59KFqNrTr0jHnH40/3g/yJ18OXxhvp2Nb10sf6ENW9G/e8BsUFILgVOv7cRSwjqSSXL24fD60jGK2li/1G/6EtZ+FRWOy8fjHotP+VP7RUazMAlydOL/mudb2EOKh410r7Xgm9zGQRtHFi8xII4oRTThS3uh52rjaNMBfXIlvhDSba3ODrSvQ38+kdTMygk6KAqRR6aWjJKx+LJbvEvyQlx4gUhvpuNSn+0AN6ITx6dIK1ToIqktchy3jxhd6kVCaksCTroBdqB7C4jIHaGL1X/pSflT3aw0bRxf6idPYS9asaW5GLplrlzCr3tXQgNY0P7nQxApQHuatHD6ACzk9GrwyZ2pimbOK/wBKfdTl7uAiI7RxJPrgnkhJfXhr724CNyOeVbrNmCVDXjWxuwvxc2pGf7YEGXLqMxUQQW9gFzweofTyinhdoYzLRYYH8qer2er+LwyfhpilAzFZlNqLDgBYcWtcnnMfK5fpS4BLFJbUVSfHW/zuaACNw0ZbY+AKlgkBksSQ45+LmvO50EauHJfCcePkjEfoyPyjyhQo5O6P0dP5Rpp9cT5w/wBFR+RPlChQQz0KW/qJ8ub/ABh3oqPyiFCih3oyPyjyjnoyPyjyjsKIrnoyPyiEMMj8ohQoDnocv8ifKF6HL/InyhQoDvoyK7o8oXo6Pyjy+uJ84UKA56Mj8o8usd9GR+UR2FANGGR+UeUc9Cl/kT5QoUA4YZH5RHPRUN6ojsKAXoyPyiODDI/KPKOwoBejI/KIacJL/In/ACiFCgOpwktvUT5CGjDIdRyh+kKFASJw6BZIHhDV4ZBukQoUAvRUflHlEatnyjdAN/eaxyFFQ37sk/pp1043h33dK/TT5RyFF2yklYRCbJAjnoUt3yB45ChsWUpAFBDoUKMtv//ZDQplbmRzdHJlYW0KZW5kb2JqCnhyZWYKMCA3CjAwMDAwMDAwMDAgNjU1MzUgZg0KMDAwMDAwMDAxNSAwMDAwMCBuDQowMDAwMDAwMDc4IDAwMDAwIG4NCjAwMDAwMDAxMzUgMDAwMDAgbg0KMDAwMDAwMDI1NSAwMDAwMCBuDQowMDAwMDAwMzgwIDAwMDAwIG4NCjAwMDAwMDA0MjcgMDAwMDAgbg0KdHJhaWxlcgo8PAovUm9vdCAxIDAgUgovSUQgWzwwNEZCMjk1NDQ3MDIxOEREOENDMUUwQzZGMzM4REVEMj4gPDA0RkIyOTU0NDcwMjE4REQ4Q0MxRTBDNkYzMzhERUQyPl0KL1NpemUgNwo+PgpzdGFydHhyZWYKMTQ5NjUKJSVFT0YK');


INSERT INTO Examen (ID, protocole_id, patient_id, medecinRadiologue, manipulateur, date)
VALUES
(1000000,1000000, 1000000, 'medecinRadiologue1', 'manipulateur1', '2022-09-01'),
(1000001,1000001, 1000001, 'medecinRadiologue2', 'manipulateur2', '2022-09-01'),
(1000002,1000002, 1000002, 'medecinRadiologue3', 'manipulateur3', '2022-09-01'),
(1000003,1000003, 1000003, 'medecinRadiologue4', 'manipulateur4', '2022-09-01');


INSERT INTO CompteRendu (ID, examen_id, secretaireLogin, medecinLogin, titre, corp, signature, etat )
VALUES
(1000000,1000000, 'secretaire1', 'medecinRadiologue1', 'titre1', 'corp1', 'mr1', 0),
(1000001,1000001, 'secretaire2', 'medecinRadiologue2', 'titre2', 'corp2','mr2', 1),
(1000002,1000002, 'secretaire3', 'medecinRadiologue3', 'titre3', 'corp3','mr3', 2),
(1000003,1000003, 'secretaire4', 'medecinRadiologue4', 'titre4', 'corp4','mr4',0 );